index,review_id,product_id,review,rating,Cleaned Reviews,sentiment
0,R41391,P66385,The colour and the quality of this product was great .,5,The colour and the quality of this product was great .,positive
1,R48903,P66385,"One of the best dress I have ordered. Beautiful design and high quality material used in manufacturing. Fabric has no stretch, It is ultra soft and very comfortable to body.",5,"One of the best dress I have ordered. Beautiful design and high quality material used in manufacturing. Fabric has no stretch, It is ultra soft and very comfortable to body.",positive
2,R44341,P66385,so beautiful. perfect fitting. perfect shape. very pretty color. same as shown in pic.. just go for it. best for party and date and  also length of this dress is perfect......you have to manage with high heels.. ğŸ‘ ... Lovely dress..,5,so beautiful. perfect fitting. perfect shape. very pretty color. same as shown in pic.. just go for it. best for party and date and  also length of this dress is perfect......you have to manage with high heels.. ... Lovely dress..,positive
3,R23279,P66385,Beautiful dress with perfect fitting and beautiful pattern I just loved it . Just go for it this dress you can wear at any occasion and length is also perfect .Dont think twice go for it .,5,Beautiful dress with perfect fitting and beautiful pattern I just loved it . Just go for it this dress you can wear at any occasion and length is also perfect .Dont think twice go for it .,positive
4,R89588,P66385,The quality of the product is good. Good Fabric Material.,5,The quality of the product is good. Good Fabric Material.,positive
5,R48511,P66385,I like the fitting. Quality of the fabric is good. Nice color and looks awesome.,5,I like the fitting. Quality of the fabric is good. Nice color and looks awesome.,positive
6,R39635,P66385,The quality of this dress is so goodIt fits very well and the fabric of good too.,5,The quality of this dress is so goodIt fits very well and the fabric of good too.,positive
7,R59062,P66385,"Liked it so much. Cool dress. Western vibe. Super pattern. Fabric is awesome. Belt also given. Must try with all colours. Size S, is proper.",5,"Liked it so much. Cool dress. Western vibe. Super pattern. Fabric is awesome. Belt also given. Must try with all colours. Size S, is proper.",positive
8,R36847,P66385,What a beautiful dress. Gifted this dress to my wife on her birthday and she loved it. Material of the dress is superb. Fit is also super comfy,5,What a beautiful dress. Gifted this dress to my wife on her birthday and she loved it. Material of the dress is superb. Fit is also super comfy,positive
9,R95314,P66385,Nice dress... Must buy,5,Nice dress... Must buy,positive
100,R32761,P48819,"Really nice kurti.Cloth is comfortable, looks fancy and fashionable.I am happy with the product.",5,"Really nice kurti.Cloth is comfortable, looks fancy and fashionable.I am happy with the product.",positive
101,R97959,P48819,Lovely ğŸ˜ï¸,5,Lovely ,positive
102,R97059,P48819,This Product is good ...i really like it...ğŸ˜,4,This Product is good ...i really like it...,positive
103,R11090,P48819,Awesome metrial,5,Awesome metrial,positive
104,R98019,P48819,Very nice ğŸ‘Œ,4,Very nice ,positive
105,R95797,P48819,Beautiful â¤ï¸ loving it,5,Beautiful  loving it,positive
106,R56191,P48819,Beautiful ğŸ¤˜,4,Beautiful ,positive
107,R68400,P48819,Too good ğŸ¤©,5,Too good ,positive
108,R61064,P48819,It's fantastic stuff is also very good material I love it â¤ this size small,4,Its fantastic stuff is also very good material I love it  this size small,positive
109,R53032,P48819,Very very nice dress   love itâ¤ï¸ğŸ‘ŒğŸ‘Œâ¤ï¸,5,Very very nice dress   love it,positive
200,R36201,P12111,"Really nice kurti.Cloth is comfortable, looks fancy and fashionable.I am happy with the product.",5,"Really nice kurti.Cloth is comfortable, looks fancy and fashionable.I am happy with the product.",positive
201,R34660,P12111,Lovely ğŸ˜ï¸,5,Lovely ,positive
202,R82313,P12111,This Product is good ...i really like it...ğŸ˜,4,This Product is good ...i really like it...,positive
203,R60195,P12111,Awesome metrial,5,Awesome metrial,positive
204,R96011,P12111,Very nice ğŸ‘Œ,4,Very nice ,positive
205,R14860,P12111,Beautiful â¤ï¸ loving it,5,Beautiful  loving it,positive
206,R94466,P12111,Beautiful ğŸ¤˜,4,Beautiful ,positive
207,R24288,P12111,It's fantastic stuff is also very good material I love it â¤ this size small,4,Its fantastic stuff is also very good material I love it  this size small,positive
208,R26409,P12111,Very very nice dress   love itâ¤ï¸ğŸ‘ŒğŸ‘Œâ¤ï¸,5,Very very nice dress   love it,positive
209,R20449,P12111,Very beautiful â¤ï¸,5,Very beautiful ,positive
300,R61939,P10392,The product was same as shown in the pictures. The quality of cloth and colour was good . The length and size was correct and I liked it very muchğŸ˜ğŸ˜...just go for it...ğŸ’«,5,The product was same as shown in the pictures. The quality of cloth and colour was good . The length and size was correct and I liked it very much...just go for it...,positive
301,R43349,P10392,Wow it's soooooooooo soooooooooo beautiful tq so much Flipkart ğŸ˜Š must buy without thinking ğŸ¥°,5,Wow its soooooooooo soooooooooo beautiful tq so much Flipkart  must buy without thinking ,positive
302,R11772,P10392,"Very nice dress...looks, design, colour everything is awesomeğŸ˜Š",5,"Very nice dress...looks, design, colour everything is awesome",positive
303,R28266,P10392,Quality is so good,5,Quality is so good,positive
304,R72223,P10392,Awesome dress ...perfect colour and material as shown in the picture,5,Awesome dress ...perfect colour and material as shown in the picture,positive
305,R63112,P10392,I like this a lotğŸ˜˜ğŸ¥°Thank you flipkart,4,I like this a lotThank you flipkart,positive
306,R83141,P10392,Excellent product,5,Excellent product,positive
307,R15497,P10392,Loved it,5,Loved it,positive
308,R96268,P10392,Not good,4,Not good,negative
318,R88784,P91828,Good one,4,Good one,positive
319,R62525,P91828,Satisfied ğŸ‘,3,Satisfied ,positive
320,R63312,P91828,This cloth was fine...it was of good quality but its printing was smelling strange.,4,This cloth was fine...it was of good quality but its printing was smelling strange.,negative
321,R59375,P91828,Nice dress  ğŸ˜,5,Nice dress  ,positive
322,R66396,P91828,Dress was awesome.,3,Dress was awesome.,positive
323,R66527,P91828,Good product,4,Good product,positive
324,R20171,P91828,My first black beautiful dressğŸ¥°,5,My first black beautiful dress,positive
325,R11364,P91828,Worth the money ğŸ˜Š,4,Worth the money ,positive
326,R57738,P91828,Thanks flipkart........ Nice clothes,5,Thanks flipkart........ Nice clothes,positive
408,R76842,P58597,"Really nice kurti.Cloth is comfortable, looks fancy and fashionable.I am happy with the product.",5,"Really nice kurti.Cloth is comfortable, looks fancy and fashionable.I am happy with the product.",positive
409,R74319,P58597,Lovely ğŸ˜ï¸,5,Lovely ,positive
410,R11907,P58597,This Product is good ...i really like it...ğŸ˜,4,This Product is good ...i really like it...,positive
411,R87627,P58597,Awesome metrial,5,Awesome metrial,positive
412,R63225,P58597,Very nice ğŸ‘Œ,4,Very nice ,positive
413,R28680,P58597,Beautiful â¤ï¸ loving it,5,Beautiful  loving it,positive
414,R58722,P58597,Beautiful ğŸ¤˜,4,Beautiful ,positive
415,R53609,P58597,Too good ğŸ¤©,5,Too good ,positive
416,R85635,P58597,It's fantastic stuff is also very good material I love it â¤ this size small,4,Its fantastic stuff is also very good material I love it  this size small,positive
417,R74017,P58597,Very very nice dress   love itâ¤ï¸ğŸ‘ŒğŸ‘Œâ¤ï¸,5,Very very nice dress   love it,positive
508,R72785,P40358,"This dress looks pretty, satisfied with this product.",5,"This dress looks pretty, satisfied with this product.",positive
509,R75209,P40358,Amazing...Very comfortable,5,Amazing...Very comfortable,positive
510,R71885,P40358,So comfortable dress in  pregnancy time....,4,So comfortable dress in  pregnancy time....,positive
511,R99818,P40358,Perfect ğŸ‘ğŸ˜Š,5,Perfect ,positive
512,R34835,P40358,Very decent lookâ¤ï¸,5,Very decent look,neutral
513,R52491,P40358,Nice one,4,Nice one,positive
514,R60643,P40358,Very beautiful,5,Very beautiful,positive
515,R53295,P40358,Amazing  ğŸ˜ğŸ˜â™¥ï¸â™¥ï¸,5,Amazing  ,positive
516,R59785,P40358,I loved it a lott...nyc cloth..superrğŸ‘ğŸ‘â¤,5,I loved it a lott...nyc cloth..superr,positive
517,R94320,P40358,lovleyğŸ˜ğŸ˜,5,lovley,neutral
608,R80954,P52372,What to say ..ğŸ˜ just go for it,5,What to say .. just go for it,neutral
609,R58052,P52372,I ordered S size (crepe fabric)The dress fits me perfectly. Itâ€™s light weight also comfortable to wear ğŸŒ¼,5,I ordered S size crepe fabricThe dress fits me perfectly. Its light weight also comfortable to wear ,positive
610,R99369,P52372,Go for it ..Very pretty dress More thn expectations..i wear my maternity shoot so so so pretty flowy i love it,5,Go for it ..Very pretty dress More thn expectations..i wear my maternity shoot so so so pretty flowy i love it,positive
611,R89881,P52372,Nice dress,5,Nice dress,positive
612,R55530,P52372,Very nice dress,5,Very nice dress,positive
613,R28245,P52372,It's very nice dress,5,Its very nice dress,positive
614,R24777,P52372,Must buy,4,Must buy,neutral
615,R88225,P52372,Just loved it â¤ï¸,5,Just loved it ,positive
616,R99778,P52372,"Bestttttt dress ever, a good clothe and great fit ğŸ˜Šâ¤ï¸â¤ï¸",5,"Bestttttt dress ever, a good clothe and great fit ",positive
617,R79019,P52372,"It's a very pretty dress, perfect for beach vacay or any kind of photoshoot. It's same as the displayed image. Go for it.",5,"Its a very pretty dress, perfect for beach vacay or any kind of photoshoot. Its same as the displayed image. Go for it.",positive
708,R95144,P68815,Fabric is good ..........,5,Fabric is good ..........,positive
709,R26940,P68815,nice dressğŸ‘—,5,nice dress,positive
710,R40007,P68815,Awsome dressâ¤,5,Awsome dress,neutral
711,R32279,P68815,Thank you flipcark for this pretty ğŸ˜dress ....I am happy ğŸ˜Š,5,Thank you flipcark for this pretty dress ....I am happy ,positive
712,R41944,P68815,Very comfortable ğŸ±ğŸ±ğŸ˜,4,Very comfortable ,positive
713,R11082,P68815,Good quality ğŸ‘Œ,5,Good quality ,positive
714,R38523,P68815,Nice drs,3,Nice drs,positive
715,R99081,P68815,excellent!â¤,4,excellent!,positive
716,R56682,P68815,Nice dress â¤ super  â¤â¤ thanks flipkart,5,Nice dress  super   thanks flipkart,positive
717,R84923,P68815,nice,5,nice,positive
808,R49844,P42700,lovly dress,5,lovly dress,neutral
809,R40618,P42700,Itâ€™s really beautiful ğŸ˜,5,Its really beautiful ,positive
810,R47063,P42700,Awesome dress,5,Awesome dress,positive
811,R48597,P42700,I loved it â¤,5,I loved it ,positive
812,R85582,P42700,I like this dressğŸ’—ğŸ’—ğŸ’—ğŸ’—,4,I like this dress,positive
813,R18792,P42700,Good quality,5,Good quality,positive
814,R33532,P42700,Really satisfied,5,Really satisfied,positive
815,R57906,P42700,very very very beautiful.....,5,very very very beautiful.....,neutral
816,R19731,P42700,Thanks flipcart,5,Thanks flipcart,positive
817,R67227,P42700,I like this dress,4,I like this dress,positive
908,R64581,P86326,Amazing lookğŸ˜â¤ï¸,5,Amazing look,positive
909,R59968,P86326,Awsm n comfortable,5,Awsm n comfortable,positive
910,R50675,P86326,ğŸŒğŸ‘ŒğŸ» beautiful,5, beautiful,positive
911,R82007,P86326,Superb dress ğŸ§¡,5,Superb dress ,positive
912,R91792,P86326,I'm really satisfied with this dress ... I'm obsessed ğŸ˜I would highly recommend you to boy this dress... â¤ï¸ğŸ”¥,5,Im really satisfied with this dress ... Im obsessed I would highly recommend you to boy this dress... ,positive
913,R67972,P86326,Beautiful â¤ï¸,5,Beautiful ,positive
914,R21210,P86326,Beautiful dress ğŸ˜,5,Beautiful dress ,positive
915,R80064,P86326,Beautiful dress n very comfortable....loved it...,4,Beautiful dress n very comfortable....loved it...,positive
916,R94793,P86326,Nice dressğŸ˜,5,Nice dress,positive
917,R31706,P86326,very nice product,5,very nice product,positive
1008,R83977,P84109,Just buy itğŸ¥°,4,Just buy it,neutral
1009,R51602,P84109,Excellent dress...just love it....jus go fr it without 2nd thought,4,Excellent dress...just love it....jus go fr it without 2nd thought,positive
1010,R65783,P84109,The fit and the fabric is good enough. Just close your eyes and go for it :),4,The fit and the fabric is good enough. Just close your eyes and go for it ,positive
1011,R96651,P84109,Just beautiful... made my holiday more bright ğŸŒ ... just go for it guys....,5,Just beautiful... made my holiday more bright  ... just go for it guys....,positive
1012,R69423,P84109,Itss look good,5,Itss look good,positive
1013,R64931,P84109,Amazing,5,Amazing,positive
1014,R63833,P84109,"Super comfortable, love it",5,"Super comfortable, love it",positive
1015,R85594,P84109,Nice one,5,Nice one,positive
1016,R98071,P84109,It's superb,5,Its superb,positive
1017,R40038,P84109,Nice,4,Nice,positive
1108,R98658,P54560,"This dress looks pretty, satisfied with this product.",5,"This dress looks pretty, satisfied with this product.",positive
1109,R11389,P54560,Amazing...Very comfortable,5,Amazing...Very comfortable,positive
1110,R11243,P54560,So comfortable dress in  pregnancy time....,4,So comfortable dress in  pregnancy time....,positive
1111,R28588,P54560,Perfect ğŸ‘ğŸ˜Š,5,Perfect ,positive
1112,R68971,P54560,Very decent lookâ¤ï¸,5,Very decent look,neutral
1113,R51326,P54560,Nice one,4,Nice one,positive
1114,R39191,P54560,Very beautiful,5,Very beautiful,positive
1115,R41036,P54560,Amazing  ğŸ˜ğŸ˜â™¥ï¸â™¥ï¸,5,Amazing  ,positive
1117,R87431,P54560,lovleyğŸ˜ğŸ˜,5,lovley,neutral
1126,R36466,P54560,I loved it a lott...nyc cloth..superrğŸ‘ğŸ‘â¤,5,I loved it a lott...nyc cloth..superr,positive
1208,R47423,P60545,lovly dress,5,lovly dress,neutral
1209,R26162,P60545,Itâ€™s really beautiful ğŸ˜,5,Its really beautiful ,positive
1210,R75653,P60545,Awesome dress,5,Awesome dress,positive
1211,R58450,P60545,I loved it â¤,5,I loved it ,positive
1212,R14848,P60545,I like this dressğŸ’—ğŸ’—ğŸ’—ğŸ’—,4,I like this dress,positive
1213,R33408,P60545,Good quality,5,Good quality,positive
1214,R87668,P60545,Really satisfied,5,Really satisfied,positive
1215,R70945,P60545,very very very beautiful.....,5,very very very beautiful.....,neutral
1216,R97083,P60545,Thanks flipcart,5,Thanks flipcart,positive
1217,R42689,P60545,I like this dress,4,I like this dress,positive
1308,R55275,P34943,lovly dress,5,lovly dress,neutral
1309,R46923,P34943,Itâ€™s really beautiful ğŸ˜,5,Its really beautiful ,positive
1310,R95829,P34943,Awesome dress,5,Awesome dress,positive
1311,R84330,P34943,I loved it â¤,5,I loved it ,positive
1312,R53038,P34943,I like this dressğŸ’—ğŸ’—ğŸ’—ğŸ’—,4,I like this dress,positive
1313,R92309,P34943,Good quality,5,Good quality,positive
1314,R94243,P34943,Really satisfied,5,Really satisfied,positive
1315,R83786,P34943,very very very beautiful.....,5,very very very beautiful.....,neutral
1316,R20908,P34943,Thanks flipcart,5,Thanks flipcart,positive
1317,R91177,P34943,I like this dress,4,I like this dress,positive
1408,R96308,P35415,Dress is beautiful,5,Dress is beautiful,positive
1409,R85644,P35415,Super quality and too much comfortable,5,Super quality and too much comfortable,positive
1410,R51454,P35415,Love it â¤â¤â¤â¤,5,Love it ,positive
1411,R51751,P35415,Awesome dress,5,Awesome dress,positive
1412,R96891,P35415,Nice fabric good quality awesomeâ€¦ğŸ˜,4,Nice fabric good quality awesome,positive
1413,R53701,P35415,This product  is good fabric is good just osm,5,This product  is good fabric is good just osm,positive
1414,R88029,P35415,Good,5,Good,positive
1416,R14084,P35415,Very good productI am very happy,5,Very good productI am very happy,positive
1417,R71464,P35415,Very good,5,Very good,positive
1425,R28189,P35415,Good quality,5,Good quality,positive
1508,R99207,P19802,Very nice,5,Very nice,positive
1509,R19770,P19802,Lovely dress,5,Lovely dress,positive
1510,R91450,P19802,Nice dress,5,Nice dress,positive
1511,R27232,P19802,Must buy,5,Must buy,neutral
1512,R69792,P19802,I love it,5,I love it,positive
1513,R89933,P19802,soo good,5,soo good,positive
1514,R56370,P19802,Amazing dress ğŸ˜ğŸ˜,5,Amazing dress ,positive
1515,R24141,P19802,Awesome ğŸ‘ğŸ˜,5,Awesome ,positive
1516,R73728,P19802,Just Perfect ğŸ’•,5,Just Perfect ,positive
1517,R69947,P19802,Nice product,5,Nice product,positive
1608,R10153,P60030,Love this product...much satisfied â¤ï¸,5,Love this product...much satisfied ,positive
1609,R41718,P60030,Awesome dress! ğŸ–¤,5,Awesome dress! ,positive
1610,R30179,P60030,Beautiful dress.,4,Beautiful dress.,positive
1611,R98730,P60030,I loved the dress.. material is also good but not see through.go for it..,5,I loved the dress.. material is also good but not see through.go for it..,positive
1612,R83847,P60030,The product was awesome ğŸ‘Œ  I seriously loved it â¤,5,The product was awesome   I seriously loved it ,positive
1613,R14775,P60030,How cute ğŸ¥°ğŸ¥° I love it this dress,5,How cute  I love it this dress,positive
1614,R12101,P60030,nice product ğŸ˜Š i lv it,4,nice product  i lv it,positive
1615,R91802,P60030,Quite impressive..  it gives very classy look,4,Quite impressive..  it gives very classy look,positive
1616,R61859,P60030,Awesome dress ND beautiful,5,Awesome dress ND beautiful,positive
1617,R47000,P60030,I just loved it.... very comfortable with reasonable price,4,I just loved it.... very comfortable with reasonable price,positive
1708,R49469,P88630,lovly dress,5,lovly dress,neutral
1709,R47998,P88630,Itâ€™s really beautiful ğŸ˜,5,Its really beautiful ,positive
1710,R74075,P88630,Awesome dress,5,Awesome dress,positive
1711,R84070,P88630,I loved it â¤,5,I loved it ,positive
1712,R56565,P88630,I like this dressğŸ’—ğŸ’—ğŸ’—ğŸ’—,4,I like this dress,positive
1713,R25880,P88630,Good quality,5,Good quality,positive
1714,R45606,P88630,Really satisfied,5,Really satisfied,positive
1716,R23768,P88630,Thanks flipcart,5,Thanks flipcart,positive
1717,R27590,P88630,I like this dress,4,I like this dress,positive
1735,R29790,P88630,very very very beautiful.....,5,very very very beautiful.....,neutral
1808,R19294,P89920,Very thin material. Good for summers though. Fitting is too good. Looks nice. Overall for the price a great deal.,3,Very thin material. Good for summers though. Fitting is too good. Looks nice. Overall for the price a great deal.,positive
1809,R68712,P89920,Beautiful dress...!! Thank you Flipkart if you have a medium size go for a large !!,5,Beautiful dress...!! Thank you Flipkart if you have a medium size go for a large !!,positive
1810,R60368,P89920,The dress is so beautiful ğŸ˜,5,The dress is so beautiful ,positive
1811,R36555,P89920,"I love this dress, thank you Flipkart",4,"I love this dress, thank you Flipkart",positive
1812,R40332,P89920,"Product is very good .trendy .best for summer , a bit long , but it's good ğŸ’Œ",4,"Product is very good .trendy .best for summer , a bit long , but its good ",positive
1813,R70382,P89920,Nice,3,Nice,positive
1814,R64750,P89920,Guys i just only wanted to say that just go for it don't think twice it's the best dress ever i got from Flipkart,5,Guys i just only wanted to say that just go for it dont think twice its the best dress ever i got from Flipkart,positive
1815,R55593,P89920,Fabric is not good but good,3,Fabric is not good but good,negative
1816,R35686,P89920,Amazingâ¤â¤jst go for it......,5,Amazingjst go for it......,neutral
1817,R95762,P89920,Waww very nice ğŸ˜ğŸ˜,3,Waww very nice ,positive
1828,R38704,P93729,"This dress looks pretty, satisfied with this product.",5,"This dress looks pretty, satisfied with this product.",positive
1829,R49893,P93729,Amazing...Very comfortable,5,Amazing...Very comfortable,positive
1830,R81485,P93729,Perfect ğŸ‘ğŸ˜Š,5,Perfect ,positive
1831,R84356,P93729,So comfortable dress in  pregnancy time....,4,So comfortable dress in  pregnancy time....,positive
1832,R51678,P93729,Very decent lookâ¤ï¸,5,Very decent look,neutral
1833,R44867,P93729,Nice one,4,Nice one,positive
1834,R93649,P93729,Very beautiful,5,Very beautiful,positive
1835,R89780,P93729,Amazing  ğŸ˜ğŸ˜â™¥ï¸â™¥ï¸,5,Amazing  ,positive
1836,R34159,P93729,I loved it a lott...nyc cloth..superrğŸ‘ğŸ‘â¤,5,I loved it a lott...nyc cloth..superr,positive
1837,R59480,P93729,lovleyğŸ˜ğŸ˜,5,lovley,neutral
1928,R48296,P84575,Awesome DressğŸ˜,5,Awesome Dress,positive
1929,R40467,P84575,Nice one,5,Nice one,positive
1930,R48262,P84575,I really liked the dress and its material. I must say that the price is rightly justified for the dress. The size is also appropriate as I have selected from the size chart.,5,I really liked the dress and its material. I must say that the price is rightly justified for the dress. The size is also appropriate as I have selected from the size chart.,positive
1931,R49671,P84575,Awsm dress,5,Awsm dress,neutral
1932,R70484,P84575,Wonderful go 4 it,4,Wonderful go 4 it,positive
1933,R72286,P84575,Nice product ğŸ’ğŸ’ğŸ’ğŸ’,5,Nice product ,positive
1934,R95969,P84575,As expected ğŸ˜ğŸ˜ nice dress go for it  #priyapankaj,5,As expected  nice dress go for it  priyapankaj,positive
1935,R58997,P84575,Worth the penny,5,Worth the penny,positive
1936,R53793,P84575,Thank you ğŸ˜Š,5,Thank you ,positive
1937,R84860,P84575,Same product like photo. Thanks.,5,Same product like photo. Thanks.,positive
2028,R42409,P72464,osm product,5,osm product,neutral
2029,R87707,P72464,Good quality nice productğŸ‘ğŸ‘ğŸ‘,5,Good quality nice product,positive
2030,R30105,P72464,good... I like â¤,5,good... I like ,positive
2031,R10563,P72464,Amazing,5,Amazing,positive
2032,R31415,P72464,full satisfied a dress of good quality thank u Flipkart. must buy this,5,full satisfied a dress of good quality thank u Flipkart. must buy this,positive
2033,R98782,P72464,cool n hot,5,cool n hot,positive
2034,R79418,P72464,nice one,5,nice one,positive
2035,R50251,P72464,it's really fantastic dress I m loving it thnx  Flipkart ğŸ˜ğŸ˜˜ğŸ˜˜ğŸ˜˜,5,its really fantastic dress I m loving it thnx  Flipkart ,positive
2036,R83196,P72464,Awesome ğŸ¤©go for it guys ğŸ˜ŠğŸ‘,5,Awesome go for it guys ,positive
2037,R60382,P72464,Good quality & looks supb,5,Good quality  looks supb,positive
2128,R58237,P23683,Superb dress and QualityğŸ‘Œ,5,Superb dress and Quality,positive
2129,R29984,P23683,Wonderful dress and very comfortable. Fitting is commendable . In love with this dress,5,Wonderful dress and very comfortable. Fitting is commendable . In love with this dress,positive
2130,R75801,P23683,i just love it ğŸ˜ƒâ˜ºï¸ğŸ˜‚,5,i just love it ,positive
2131,R75199,P23683,"Thanks I got my parcel very good quality, perfect size and beautiful dress",5,"Thanks I got my parcel very good quality, perfect size and beautiful dress",positive
2132,R95704,P23683,beautiful dress,5,beautiful dress,positive
2133,R97270,P23683,Beautiful dress i loved it,5,Beautiful dress i loved it,positive
2134,R77783,P23683,Amazing dress,3,Amazing dress,positive
2135,R52782,P23683,Good product ğŸ‘,5,Good product ,positive
2136,R83527,P23683,Nice ğŸ‘ğŸ™‚,5,Nice ,positive
2137,R53709,P23683,I order for my friend and she also loved it  she's looking pretty Very nice dress material is good Price is affordable,5,I order for my friend and she also loved it  shes looking pretty Very nice dress material is good Price is affordable,positive
2228,R19744,P30659,awesome dress,5,awesome dress,positive
2229,R85768,P30659,Beautiful and elegant dress for parties,5,Beautiful and elegant dress for parties,positive
2230,R97504,P30659,Nice dress... Gives fabulous look ğŸ˜,5,Nice dress... Gives fabulous look ,positive
2231,R35550,P30659,Really nice â˜ºï¸ğŸ‘ dress it made my birthday even more special #must buy quality ğŸ’¯ fabric  ğŸ’¯ look  ğŸ’¯....,5,Really nice  dress it made my birthday even more special must buy quality  fabric   look  ....,positive
2232,R64952,P30659,Nice dress for birthday party ğŸ’™ğŸ’™,4,Nice dress for birthday party ,positive
2233,R48631,P30659,Awesome dress for parties .... ğŸ‘ğŸ‘,5,Awesome dress for parties .... ,positive
2234,R90908,P30659,Just lovelyAmazing comfortableJust as shown in picture.....totally loved itHighly recommendedI am a plus size and it was just too good and perfect fit for meğŸ˜ğŸ¥°,5,Just lovelyAmazing comfortableJust as shown in picture.....totally loved itHighly recommendedI am a plus size and it was just too good and perfect fit for me,positive
2235,R23866,P30659,Beautiful dress ğŸ˜ğŸ˜,5,Beautiful dress ,positive
2236,R69678,P30659,Very good product.,5,Very good product.,positive
2237,R60147,P30659,Beautiful dress thanks Flipkart â¤ï¸â¤ï¸â¤ï¸,5,Beautiful dress thanks Flipkart ,positive
2328,R81067,P22082,Nice dress + nice design â˜ºâ¤âœ¨,5,Nice dress  nice design ,positive
2329,R63714,P22082,Maxi is superb at this price.But height is longer than expected.,5,Maxi is superb at this price.But height is longer than expected.,positive
2330,R81123,P22082,its really beautiful dresses..i like itâ¤ï¸,5,its really beautiful dresses..i like it,positive
2331,R69313,P22082,Very goodğŸ‘,5,Very good,positive
2332,R56579,P22082,Nice,5,Nice,positive
2333,R32074,P22082,Excellent,4,Excellent,positive
2334,R75787,P22082,So pretty ğŸ˜ğŸ˜Š,5,So pretty ,positive
2335,R68837,P22082,Very elegant dress.My Friends liked it very much. ğŸ’¯ğŸ‘Œ,5,Very elegant dress.My Friends liked it very much. ,positive
2336,R97971,P22082,"Beautiful kurti ,,",5,"Beautiful kurti ,,",positive
2337,R22394,P22082,Osm tq so much fabric is good.. ğŸŒ¸Must buy..,5,Osm tq so much fabric is good.. Must buy..,neutral
2428,R29493,P14486,Jst wow,3,Jst wow,positive
2429,R57937,P14486,Beautiful Fabric.. Loved It,5,Beautiful Fabric.. Loved It,positive
2430,R30915,P14486,Awesome kurti,4,Awesome kurti,positive
2431,R66392,P14486,Soft stuff awesome for summer. Stylish wear same as the shown in the pic. Good fitted.,5,Soft stuff awesome for summer. Stylish wear same as the shown in the pic. Good fitted.,positive
2432,R83043,P14486,Awesome kurti hai ğŸ‘ŒğŸ‘ŒğŸ‘ŒğŸ‘ŒğŸ‘Œ,5,Awesome kurti hai ,positive
2433,R66029,P14486,Nice clothes and very thankful,5,Nice clothes and very thankful,positive
2434,R75282,P14486,NYC product in this price range,4,NYC product in this price range,neutral
2435,R34687,P14486,Nice kurti....same as it,5,Nice kurti....same as it,positive
2436,R79067,P14486,Same as shown in picture,5,Same as shown in picture,neutral
2437,R76150,P14486,Nice n comfortable n exact design,4,Nice n comfortable n exact design,positive
2528,R54310,P87571,Cute outfit â¤ï¸,5,Cute outfit ,positive
2529,R97058,P87571,It's so beautiful ...I loved it ...must buy â¤ï¸ğŸ¤,5,Its so beautiful ...I loved it ...must buy ,positive
2530,R30476,P87571,Amazing,5,Amazing,positive
2531,R98069,P87571,I just love it.,4,I just love it.,positive
2532,R52742,P87571,Product is really awesome....just go for it without any hesitation...,5,Product is really awesome....just go for it without any hesitation...,neutral
2533,R76979,P87571,"Amazing â¤â¤â¤ ,, I love it... Just go for itâ¤â¤â¤â¤â¤",5,"Amazing  ,, I love it... Just go for it",positive
2534,R87966,P87571,Very beautiful dress â¤ï¸ğŸ¥°ğŸ˜ I love it ğŸ’• thank you,5,Very beautiful dress  I love it  thank you,positive
2535,R42143,P87571,Must buyâ¤ï¸,5,Must buy,neutral
2536,R12705,P87571,So good â˜ºï¸ so happy with this dress nyc product at this price,5,So good  so happy with this dress nyc product at this price,positive
2537,R76795,P87571,Supop product nd material is also good ğŸ‘ I love this dressğŸ˜Šâ¤ï¸,5,Supop product nd material is also good  I love this dress,positive
2628,R42646,P80231,Nice dress + nice design â˜ºâ¤âœ¨,5,Nice dress  nice design ,positive
2629,R15721,P80231,Maxi is superb at this price.But height is longer than expected.,5,Maxi is superb at this price.But height is longer than expected.,positive
2630,R97013,P80231,its really beautiful dresses..i like itâ¤ï¸,5,its really beautiful dresses..i like it,positive
2632,R95654,P80231,Nice,5,Nice,positive
2633,R33153,P80231,Excellent,4,Excellent,positive
2635,R59208,P80231,Very elegant dress.My Friends liked it very much. ğŸ’¯ğŸ‘Œ,5,Very elegant dress.My Friends liked it very much. ,positive
2636,R69651,P80231,"Beautiful kurti ,,",5,"Beautiful kurti ,,",positive
2637,R78009,P80231,Osm tq so much fabric is good.. ğŸŒ¸Must buy..,5,Osm tq so much fabric is good.. Must buy..,neutral
2641,R58500,P80231,Very goodğŸ‘,5,Very good,positive
2644,R67416,P80231,So pretty ğŸ˜ğŸ˜Š,5,So pretty ,positive
2728,R74602,P24373,Very thin material. Good for summers though. Fitting is too good. Looks nice. Overall for the price a great deal.,3,Very thin material. Good for summers though. Fitting is too good. Looks nice. Overall for the price a great deal.,positive
2729,R19254,P24373,Beautiful dress...!! Thank you Flipkart if you have a medium size go for a large !!,5,Beautiful dress...!! Thank you Flipkart if you have a medium size go for a large !!,positive
2730,R59860,P24373,The dress is so beautiful ğŸ˜,5,The dress is so beautiful ,positive
2731,R73444,P24373,"I love this dress, thank you Flipkart",4,"I love this dress, thank you Flipkart",positive
2732,R81185,P24373,Nice,3,Nice,positive
2733,R34373,P24373,"Product is very good .trendy .best for summer , a bit long , but it's good ğŸ’Œ",4,"Product is very good .trendy .best for summer , a bit long , but its good ",positive
2735,R35176,P24373,Fabric is not good but good,3,Fabric is not good but good,negative
2736,R73881,P24373,Amazingâ¤â¤jst go for it......,5,Amazingjst go for it......,neutral
2737,R39264,P24373,Waww very nice ğŸ˜ğŸ˜,3,Waww very nice ,positive
2744,R83031,P24373,Guys i just only wanted to say that just go for it don't think twice it's the best dress ever i got from Flipkart,5,Guys i just only wanted to say that just go for it dont think twice its the best dress ever i got from Flipkart,positive
2748,R41629,P87132,Superb dress and QualityğŸ‘Œ,5,Superb dress and Quality,positive
2749,R81129,P87132,Wonderful dress and very comfortable. Fitting is commendable . In love with this dress,5,Wonderful dress and very comfortable. Fitting is commendable . In love with this dress,positive
2750,R74012,P87132,i just love it ğŸ˜ƒâ˜ºï¸ğŸ˜‚,5,i just love it ,positive
2751,R13688,P87132,"Thanks I got my parcel very good quality, perfect size and beautiful dress",5,"Thanks I got my parcel very good quality, perfect size and beautiful dress",positive
2752,R83830,P87132,beautiful dress,5,beautiful dress,positive
2753,R89555,P87132,Beautiful dress i loved it,5,Beautiful dress i loved it,positive
2754,R68458,P87132,Amazing dress,3,Amazing dress,positive
2755,R30666,P87132,Good product ğŸ‘,5,Good product ,positive
2756,R88707,P87132,Nice ğŸ‘ğŸ™‚,5,Nice ,positive
2757,R40952,P87132,I order for my friend and she also loved it  she's looking pretty Very nice dress material is good Price is affordable,5,I order for my friend and she also loved it  shes looking pretty Very nice dress material is good Price is affordable,positive
2848,R44278,P33504,Perfect fitting very nice quality dress also a good colour of clothe.,5,Perfect fitting very nice quality dress also a good colour of clothe.,positive
2849,R84515,P33504,Go for it,5,Go for it,neutral
2850,R95713,P33504,Just go for it â¤ï¸â¤ï¸love it ğŸ’“,5,Just go for it love it ,positive
2851,R43793,P33504,Looks classy,5,Looks classy,positive
2852,R77872,P33504,Awsm,5,Awsm,neutral
2853,R63157,P33504,Go for it,4,Go for it,neutral
2854,R37247,P33504,Lovely dress...simple but attractive,5,Lovely dress...simple but attractive,positive
2855,R27610,P33504,Such an amazingğŸ˜ğŸ¤© Dress .. Love â¤it â¤,5,Such an amazing Dress .. Love it ,positive
2856,R26935,P33504,Nyc one but maybe I'll return it because of size issue,5,Nyc one but maybe Ill return it because of size issue,negative
2857,R38017,P33504,Really it's a amazing product and stuff is also good but I have a little size problem ğŸ˜…otherwise dress is awesome,5,Really its a amazing product and stuff is also good but I have a little size problem otherwise dress is awesome,positive
